{
  "ext/controller/Format.controller.js.map": 1761035928789,
  "ext/fragment/Payment_event_flow.js": 1760514539932,
  "ext/controller/Format.controller.js": 1760516542767,
  "manifest.json": 1761034914393,
  "Component.js": 1760514539932,
  "ext/fragment/Payment_event_flow-dbg.js": 1760514539932,
  "ext/fragment/Payment_event_flow.js.map": 1761035928791,
  "ext/controller/Format-dbg.controller.js": 1760516542767,
  "i18n/i18n.properties": 1760514539932,
  "Component-dbg.js": 1760514539932,
  "Component.js.map": 1761035928788,
  "Component-preload.js": 1761035928871,
  "Component-preload.js.map": 1761035928871,
  "ext/fragment/Quickview.fragment.xml": 1760514539932,
  "ext/fragment/Payment_event_flow.fragment.xml": 1760514539932,
  "index.html": 1760514539932
}