{
  "Component-preload.js": 1762517393316,
  "Component.js": 1760514539932,
  "ext/controller/Format.controller.js": 1761661657457,
  "manifest.json": 1761941378769,
  "ext/fragment/Payment_event_flow.js": 1761642539891,
  "ext/controller/Format-dbg.controller.js": 1761661657457,
  "ext/controller/Format.controller.js.map": 1762517393241,
  "Component-dbg.js": 1760514539932,
  "Component.js.map": 1762517393228,
  "ext/fragment/Payment_event_flow-dbg.js": 1761642539891,
  "ext/fragment/Payment_event_flow.js.map": 1762517393233,
  "i18n/i18n.properties": 1760514539932,
  "Component-preload.js.map": 1762517393316,
  "ext/fragment/Quickview.fragment.xml": 1760514539932,
  "ext/fragment/Payment_event_flow.fragment.xml": 1760514539932,
  "index.html": 1760514539932
}