{
  "ext/fragment/Payment_event_flow.js.map": 1760350048712,
  "ext/fragment/Payment_event_flow.js": 1760102167657,
  "ext/controller/Format.controller.js": 1760130356463,
  "manifest.json": 1760349275152,
  "Component.js": 1758271726356,
  "Component-dbg.js": 1758271726356,
  "Component.js.map": 1760350048710,
  "ext/controller/Format-dbg.controller.js": 1760130356463,
  "ext/controller/Format.controller.js.map": 1760350048701,
  "ext/fragment/Payment_event_flow-dbg.js": 1760102167657,
  "i18n/i18n.properties": 1760133458581,
  "Component-preload.js": 1760350048822,
  "Component-preload.js.map": 1760350048822,
  "ext/fragment/Quickview.fragment.xml": 1760349918454,
  "ext/fragment/Payment_event_flow.fragment.xml": 1760349858906,
  "index.html": 1758271726360
}