{
  "ext/fragment/Payment_event_flow.js.map": 1764252490418,
  "Component.js": 1760514539932,
  "ext/controller/ListCustom.controller.js": 1764252316302,
  "ext/controller/Format.controller.js": 1764244064919,
  "manifest.json": 1764243856826,
  "ext/fragment/Payment_event_flow.js": 1761642539891,
  "ext/controller/ListCustom-dbg.controller.js": 1764252316302,
  "ext/controller/ListCustom.controller.js.map": 1764252490425,
  "Component-dbg.js": 1760514539932,
  "Component.js.map": 1764252490412,
  "ext/controller/Format-dbg.controller.js": 1764244064919,
  "ext/controller/Format.controller.js.map": 1764252490424,
  "ext/fragment/Payment_event_flow-dbg.js": 1761642539891,
  "i18n/i18n.properties": 1760514539932,
  "Component-preload.js": 1764252490500,
  "Component-preload.js.map": 1764252490501,
  "ext/fragment/Quickview.fragment.xml": 1760514539932,
  "ext/fragment/Payment_event_flow.fragment.xml": 1760514539932,
  "index.html": 1760514539932
}